file,error
Orange Stripe 101-109 FY25 (English).pdf,no such group
RED Stripe#4-FY25-HSM TSM-English.pdf,no such group
Red Stripe#5-FY25- EP TSK-English.pdf,no such group
Orange Stripe# 56-60-FY25-English.pdf,No text
Orange Stripe FY25 #39-45_English.pdf,No text
Orange Stripe FY25 #46-55_English.pdf,No text
Orange Stripe#109-113-FY24-English.pdf,No text
Red Stripe- Joda_27-01-2024- English_240129_221943.pdf,no such group
Orange Stripe Eng #91-96-images-compressed.pdf,No text
Orange Stripe Eng #66-75-images-compressed.pdf,No text
"Orange Stripe#54-FY24-DU JODA, E&P RM-English.pdf",no such group
Orange Stripe#48-FY24-OMQ RM-English.pdf,no such group
Orange Stripe#38-FY24-E&P-RM-English.pdf,no such group
Orange Stripe#26-FY24-OMQ canteen- TSM-English.pdf,no such group
Orange Stripe#13-FY24-DRI TSM LTI-English.pdf,no such group
Orange Stripe#2-FY24-WEST BOKARO-E-r2.pdf,no such group
Orange Stripe # 73_English.pdf,no such group
RED Stripe # 01 TSL(I) -  FY22 _ TSK  (English)_ .pdf,no such group
Orange Stripe_Angul_05.07.2021.pdf,no such group
Orange Stripe#80-English-TGS.pdf,no such group
Orange Stripe#73-English-OMQ.pdf,no such group
Orange Stripe #07-English-TSM DRI Plant.pdf,no such group
Orange Stripe # 81 English_.pdf,no such group
Orange Stripe # 82  English_.pdf,no such group
Orange Stripe # 62 English.pdf,no such group
Orange Stripe # 59 English.pdf,no such group
Red Stripe 1 FY-21 Arogya Bhawan Incident.pdf,no such group
Orange stripe # 50 English.pdf,no such group
Orange Stripe # 33 English.pdf,no such group
Orange Stripe # 31 English.pdf,no such group
Orange Stripe# 29 English.pdf,no such group
Orange Stripe # 21 English_.pdf,no such group
Orange Stripe #10 TSTH English _compressed.pdf,no such group
Orange Stripe#8_compressed.pdf,no such group
Orange stripe#86_English.pdf,no such group
Orange Stripe#87_English.pdf,no such group
Orange Stripe#81.pdf,no such group
"Red Stripe#5 Tata Steel BSL, Angul.pdf",no such group
Orange Stripe#79_Eng.pdf,no such group
Orange Stripe#77_English.pdf,no such group
Orange Stripe#76_English.pdf,no such group
Orange Stripe#75_English.pdf,no such group
Orange Stripe #65_English.docx,no such group
Orange stripe # 63_English.pdf,no such group
Orange Stripe #60_English.pdf,no such group
Orange Stripe# 59_English.pdf,no such group
Orange Stripe# 56 Gomardih_English.pdf,no such group
Orange Stripe#48_English.pdf,no such group
Orange Stripe#46_English.pdf,no such group
Orange Stripe#43_English.pdf,no such group
Orange Stripe#42_English.pdf,no such group
Orange Stripe#40_English.pdf,no such group
Orange Stripe#34_English.pdf,no such group
Orange Stripe#29- English.pdf,no such group
Orange Stripe#30- English.pdf,no such group
Orange Stripe#24 English.pdf,no such group
Orange Stripe#19.pdf,no such group
Orange Stripe#15.pdf,no such group
Orange Stripe#16.pdf,no such group
Orange Stripe#18.pdf,no such group
Orange Stripe# 02 FY-20  LTI at Bearings Division Kharagpur.pdf,no such group
Orange Stripe#05 FY-20 Hand Burn Injury_English.pdf,no such group
Orange Stripe #07 FY 20 LTI at West Bokaro.pdf,no such group
Orange Stripe# 01 FY-20.pdf,no such group
Orange stripe# 03 FY-20  Dangerous incident.pdf,no such group
Orange Stripe# 30 FY-19  LTI at TGS Jamshedpur.pdf,no such group
Orange Stripe#68-79-FY26-Odia-October 2025.pdf,No text
Orange Stripe#68-79-FY26-English-October 25.pdf,No text
Orange Stripe#80-87-FY26-Odia-November 2025.pdf,No text
Orange Stripe#80-87-FY26-English-November 25.pdf,No text
Red Stripe#2-FY26- TSMD Fatal-English 16-04-2025.pdf,no such group
